Model	N	R_squared	Adj_R_squared	RMSE	AIC
Original (with anomalies)	2256	0.527752045646075	0.526702605747511	0.212360308395809	-574.961944393483
Robust (anomalies removed)	2131	0.522481059385591	0.521357485407674	0.212906965315166	-531.371734180258
