"n_mutations","group_1","group_2","RR"
0,"A","A",1.05190311418685
0,"A","B",0.977941176470588
0,"A","C",0.894117647058823
0,"B","A",0.977941176470588
0,"B","B",0.890625
0,"B","C",1.425
0,"C","A",0.894117647058823
0,"C","B",1.425
